,ticker,subreddit,post_title,content,upvotes,replies,sticked,author_karma,author_verified,time
0,GME,wallstreetbets,Eggon says â€œGME go upâ€ after earnings. â¬†ï¸,"Eggon will deliver tendies...

#*ONE WAY OR ANOTHER*",1,1,True,235993,True,2023-03-15
1,GME,wallstreetbets,Eggon says â€œGME go upâ€ after earnings. â¬†ï¸,"he didnâ€™t even have to think about it, it has to be true",264,1,False,379,True,2023-03-15
2,GME,wallstreetbets,Eggon says â€œGME go upâ€ after earnings. â¬†ï¸,Motherfucker I'm in,1375,7,False,50745,True,2023-03-15
3,GME,wallstreetbets,Eggon says â€œGME go upâ€ after earnings. â¬†ï¸,Deep Clucking Value,1690,3,False,25356,True,2023-03-15
4,GME,wallstreetbets,Eggon says â€œGME go upâ€ after earnings. â¬†ï¸,Chicken made me buy 300 25c calls....,231,1,False,32698,True,2023-03-15
5,GME,wallstreetbets,Eggon says â€œGME go upâ€ after earnings. â¬†ï¸,RemindMe! 6 days,95,2,False,15239,True,2023-03-15
6,GME,wallstreetbets,Eggon says â€œGME go upâ€ after earnings. â¬†ï¸,Nice Cock,156,1,False,40019,True,2023-03-15
7,GME,wallstreetbets,Eggon says â€œGME go upâ€ after earnings. â¬†ï¸,My cock is also telling GME go up after earnings.,452,3,False,16263,False,2023-03-15
8,GME,wallstreetbets,Eggon says â€œGME go upâ€ after earnings. â¬†ï¸,If your mcnuggets is bullish then Iâ€™m bullish ![img](emote|t5_2th52|18630),237,2,False,353055,True,2023-03-15
9,GME,wallstreetbets,Eggon says â€œGME go upâ€ after earnings. â¬†ï¸,Solid D.D.,46,0,False,6630,True,2023-03-15
10,GME,wallstreetbets,Eggon says â€œGME go upâ€ after earnings. â¬†ï¸,Its not easy creating honest content ; thank you op,83,1,False,4093,True,2023-03-15
11,GME,wallstreetbets,Eggon says â€œGME go upâ€ after earnings. â¬†ï¸,The chicken has spoken,32,0,False,14478,True,2023-03-15
12,GME,wallstreetbets,Eggon says â€œGME go upâ€ after earnings. â¬†ï¸,You sonababitch I'm in.,152,1,False,6244,True,2023-03-15
13,GME,wallstreetbets,Eggon says â€œGME go upâ€ after earnings. â¬†ï¸,Eggon may be our most useful indicator in this market!,27,1,False,13813,True,2023-03-15
14,GME,wallstreetbets,Eggon says â€œGME go upâ€ after earnings. â¬†ï¸,Trust in chicken bro,29,0,False,186,True,2023-03-15
15,GME,wallstreetbets,Eggon says â€œGME go upâ€ after earnings. â¬†ï¸,In Cock We Trust,23,0,False,245545,True,2023-03-15
16,GME,wallstreetbets,Eggon says â€œGME go upâ€ after earnings. â¬†ï¸,You son of a chicken. Iâ€™m in.,22,0,False,10401,True,2023-03-15
17,GME,wallstreetbets,Eggon says â€œGME go upâ€ after earnings. â¬†ï¸,You son of a bitch I'm in.,19,0,False,537,True,2023-03-15
18,GME,wallstreetbets,Eggon says â€œGME go upâ€ after earnings. â¬†ï¸,This is the content i am here for,41,0,False,20892,True,2023-03-15
19,GME,wallstreetbets,Eggon says â€œGME go upâ€ after earnings. â¬†ï¸,I'm in!!,18,0,False,621,True,2023-03-15
20,GME,wallstreetbets,Eggon says â€œGME go upâ€ after earnings. â¬†ï¸,Damn this is hella bullish. Buying more ğŸš€ğŸ“ˆğŸ’°,17,0,False,26221,True,2023-03-15
21,GME,wallstreetbets,Eggon says â€œGME go upâ€ after earnings. â¬†ï¸,"Keep the oil hot in case he gets it wrong.  You can't tar and feather, but you can coat and batter that mothafucka",62,3,False,37038,True,2023-03-15
22,GME,wallstreetbets,Eggon says â€œGME go upâ€ after earnings. â¬†ï¸,Thatâ€™s bullish cock,16,0,False,2216,True,2023-03-15
23,GME,wallstreetbets,Eggon says â€œGME go upâ€ after earnings. â¬†ï¸,3/24 20cs checking in ğŸ«¡ ğŸ“,76,2,False,18109,True,2023-03-15
24,GME,wallstreetbets,Eggon says â€œGME go upâ€ after earnings. â¬†ï¸,Are we allowed to talk about the one true stonk again?,158,6,False,994,True,2023-03-15
25,GME,wallstreetbets,Eggon says â€œGME go upâ€ after earnings. â¬†ï¸,3...2...1...,15,0,False,24958,True,2023-03-15
26,GME,wallstreetbets,Eggon says â€œGME go upâ€ after earnings. â¬†ï¸,Better than Jim Cramerâ€™s prediction,13,0,False,14315,True,2023-03-15
27,GME,wallstreetbets,Eggon says â€œGME go upâ€ after earnings. â¬†ï¸,I like the stock,13,0,False,21751,True,2023-03-15
28,GME,wallstreetbets,Eggon says â€œGME go upâ€ after earnings. â¬†ï¸,The cock has spoken!!!!,12,0,False,12,False,2023-03-15
29,GME,wallstreetbets,Eggon says â€œGME go upâ€ after earnings. â¬†ï¸,This is the way,12,0,False,1546,True,2023-03-15
30,GME,wallstreetbets,Eggon says â€œGME go upâ€ after earnings. â¬†ï¸,"Finally, an upgrade to blindfolded monkey with darts",13,0,False,139,True,2023-03-15
31,GME,wallstreetbets,Eggon says â€œGME go upâ€ after earnings. â¬†ï¸,You've convinced me.,13,0,False,25909,True,2023-03-15
32,GME,wallstreetbets,Eggon says â€œGME go upâ€ after earnings. â¬†ï¸,Alright Alright... Ill buy it,14,0,False,941,True,2023-03-15
33,GME,wallstreetbets,Eggon says â€œGME go upâ€ after earnings. â¬†ï¸,Eggon Targaryen?,11,2,False,65453,True,2023-03-15
34,GME,wallstreetbets,Eggon says â€œGME go upâ€ after earnings. â¬†ï¸,The cock has spoken!,13,0,False,13607,True,2023-03-15
35,GME,wallstreetbets,Eggon says â€œGME go upâ€ after earnings. â¬†ï¸,Anyone else remember what happened late march last year?,12,0,False,1184,True,2023-03-15
36,GME,wallstreetbets,Eggon says â€œGME go upâ€ after earnings. â¬†ï¸,Really DD right here!!,24,1,False,45811,True,2023-03-15
37,GME,wallstreetbets,Eggon says â€œGME go upâ€ after earnings. â¬†ï¸,Nice cock,24,1,False,63022,True,2023-03-15
38,GME,wallstreetbets,Eggon says â€œGME go upâ€ after earnings. â¬†ï¸,Way more accurate than cramer,33,1,False,16041,True,2023-03-15
39,GME,wallstreetbets,Eggon says â€œGME go upâ€ after earnings. â¬†ï¸,ğŸ“ğŸ“ğŸ“ğŸ“ğŸ“ğŸ“ğŸ“ğŸ“ğŸ“,9,0,False,9675,False,2023-03-15
40,GME,wallstreetbets,Eggon says â€œGME go upâ€ after earnings. â¬†ï¸,Calls it is!,9,0,False,18749,True,2023-03-15
41,GME,wallstreetbets,Eggon says â€œGME go upâ€ after earnings. â¬†ï¸,THE CHICKEN HAS SPOKEN!,10,0,False,67496,True,2023-03-15
42,GME,wallstreetbets,Eggon says â€œGME go upâ€ after earnings. â¬†ï¸,This is even better than a magic 8 ball,19,1,False,1924,True,2023-03-15
43,GME,wallstreetbets,Eggon says â€œGME go upâ€ after earnings. â¬†ï¸,"If heâ€™s in, Iâ€™m in.",9,0,False,11944,True,2023-03-15
44,GME,wallstreetbets,Eggon says â€œGME go upâ€ after earnings. â¬†ï¸,The true pecking Order,9,0,False,118,True,2023-03-15
45,GME,wallstreetbets,Eggon says â€œGME go upâ€ after earnings. â¬†ï¸,Remindme! 6 days,9,0,False,1008,True,2023-03-15
46,GME,wallstreetbets,Eggon says â€œGME go upâ€ after earnings. â¬†ï¸,Real DD right here!!,8,0,False,45811,True,2023-03-15
47,GME,wallstreetbets,Eggon says â€œGME go upâ€ after earnings. â¬†ï¸,Cockish!!!! Iâ€™m in,7,0,False,7474,True,2023-03-15
48,GME,wallstreetbets,Eggon says â€œGME go upâ€ after earnings. â¬†ï¸,Bless that beautiful cock,7,0,False,18785,True,2023-03-15
49,GME,wallstreetbets,Eggon says â€œGME go upâ€ after earnings. â¬†ï¸,The most real technical analysis,9,0,False,1456,True,2023-03-15
50,GME,wallstreetbets,Eggon says â€œGME go upâ€ after earnings. â¬†ï¸,Why isnâ€™t this labeled as DD?!!?,8,0,False,29459,True,2023-03-15
51,GME,wallstreetbets,Eggon says â€œGME go upâ€ after earnings. â¬†ï¸,BAILOUT!,15,0,False,13790,True,2023-03-15
52,GME,wallstreetbets,Eggon says â€œGME go upâ€ after earnings. â¬†ï¸,"Solid, Iâ€™m in",14,0,False,4927,True,2023-03-15
53,GME,wallstreetbets,Eggon says â€œGME go upâ€ after earnings. â¬†ï¸,I'm not. Ullish or bearish but solely cokish on this one,7,0,False,27423,True,2023-03-15
54,GME,wallstreetbets,Eggon says â€œGME go upâ€ after earnings. â¬†ï¸,I will trust your cock with my life savings,6,0,False,5930,True,2023-03-15
55,GME,wallstreetbets,Eggon says â€œGME go upâ€ after earnings. â¬†ï¸,"What does Eggon say bout ma shorts 

volatile af",6,0,False,3299,True,2023-03-15
56,GME,wallstreetbets,Eggon says â€œGME go upâ€ after earnings. â¬†ï¸,ğŸ¤£ğŸ¤£ğŸ¤£,6,0,False,7797,True,2023-03-15
57,GME,wallstreetbets,Eggon says â€œGME go upâ€ after earnings. â¬†ï¸,Eggon the conquerer!,6,0,False,1170,True,2023-03-15
58,GME,wallstreetbets,Eggon says â€œGME go upâ€ after earnings. â¬†ï¸,The great Cluck has spoken!,5,0,False,4825,True,2023-03-15
59,GME,wallstreetbets,Eggon says â€œGME go upâ€ after earnings. â¬†ï¸,Same intelligence as most of the DD writers,5,0,False,10153,True,2023-03-15
60,GME,wallstreetbets,Eggon says â€œGME go upâ€ after earnings. â¬†ï¸,I trust the chicken,6,0,False,15662,True,2023-03-15
61,GME,wallstreetbets,Eggon says â€œGME go upâ€ after earnings. â¬†ï¸,The finance chicken has spoken!,6,0,False,245,True,2023-03-15
62,GME,wallstreetbets,Eggon says â€œGME go upâ€ after earnings. â¬†ï¸,"The is the kind of DD this sub can get behind. 

Calls on your cock.",6,0,False,52693,True,2023-03-15
63,GME,wallstreetbets,Eggon says â€œGME go upâ€ after earnings. â¬†ï¸,"Convinced me, in before earnings!",10,1,False,676,True,2023-03-15
64,GME,wallstreetbets,Eggon says â€œGME go upâ€ after earnings. â¬†ï¸,If she's in I'm in.,10,1,False,104593,True,2023-03-15
65,GME,wallstreetbets,Eggon says â€œGME go upâ€ after earnings. â¬†ï¸,Is this financial advice?,6,1,False,13283,True,2023-03-15
66,GME,wallstreetbets,Eggon says â€œGME go upâ€ after earnings. â¬†ï¸,"Fuck it, I'm in.",6,0,False,90829,True,2023-03-15
67,GME,wallstreetbets,Eggon says â€œGME go upâ€ after earnings. â¬†ï¸,â˜ºï¸,5,0,False,273,True,2023-03-15
68,GME,wallstreetbets,Eggon says â€œGME go upâ€ after earnings. â¬†ï¸,Good enough for me.,5,0,False,4787,True,2023-03-15
69,GME,wallstreetbets,Eggon says â€œGME go upâ€ after earnings. â¬†ï¸,Iâ€™m in,6,0,False,3798,True,2023-03-15
70,GME,wallstreetbets,Eggon says â€œGME go upâ€ after earnings. â¬†ï¸,Finally an analyst I can trust,5,0,False,19673,True,2023-03-15
71,GME,wallstreetbets,Eggon says â€œGME go upâ€ after earnings. â¬†ï¸, CONFIRMED!!,6,0,False,46972,True,2023-03-15
72,GME,wallstreetbets,Eggon says â€œGME go upâ€ after earnings. â¬†ï¸,Say less. Time to YOLO,5,0,False,2489,True,2023-03-15
73,GME,wallstreetbets,Eggon says â€œGME go upâ€ after earnings. â¬†ï¸,"Just to confirm, the chickenâ€™s name is EGGON, not ENRON, correct? Wanted to make sure it wasnâ€™t a typo before I load up on calls",6,2,False,15438,True,2023-03-15
74,GME,wallstreetbets,Eggon says â€œGME go upâ€ after earnings. â¬†ï¸,Ok lets go i buy calls,4,0,False,5052,True,2023-03-15
75,GME,wallstreetbets,Eggon says â€œGME go upâ€ after earnings. â¬†ï¸,Bought $5000 worth this morning,4,0,False,1703,True,2023-03-15
76,GME,wallstreetbets,Eggon says â€œGME go upâ€ after earnings. â¬†ï¸,Especially with that oversold alert. Shit's spicy ğŸ”¥,5,0,False,508,True,2023-03-15
77,GME,wallstreetbets,Eggon says â€œGME go upâ€ after earnings. â¬†ï¸,That's a fat cock but I don't belive it,11,0,False,10997,True,2023-03-15
78,GME,wallstreetbets,Eggon says â€œGME go upâ€ after earnings. â¬†ï¸,"I look forward to seeong you and your chicken receiving a subpeona from Congress to discuss your market manipulation.... Or is ""cluck cluck"" chicken for ""we like the stock""?",6,1,False,59850,True,2023-03-15
79,GME,wallstreetbets,Eggon says â€œGME go upâ€ after earnings. â¬†ï¸,"I mean yeah, doesn't it always? If not AH at least the next day",3,0,False,12303,True,2023-03-15
80,GME,wallstreetbets,Eggon says â€œGME go upâ€ after earnings. â¬†ï¸,This is exactly how these r3tard pick their stocks,3,0,False,9027,False,2023-03-15
81,GME,wallstreetbets,Eggon says â€œGME go upâ€ after earnings. â¬†ï¸,R/backyardchickens,3,0,False,8273,True,2023-03-15
82,GME,wallstreetbets,Eggon says â€œGME go upâ€ after earnings. â¬†ï¸,"I'm down so much on this shit stock, SAVE ME EGGON!!!!!!",3,0,False,43464,True,2023-03-15
83,GME,wallstreetbets,Eggon says â€œGME go upâ€ after earnings. â¬†ï¸,"Is it worse to follow the advice of the chicken, or go inverse and get beat by the chicken?",3,1,False,124,True,2023-03-15
84,GME,wallstreetbets,Eggon says â€œGME go upâ€ after earnings. â¬†ï¸,MSNBC: Market Expert Declares GME to trend up after earnings call. Eggs over easy at 11!,3,1,False,31357,True,2023-03-15
85,GME,wallstreetbets,Eggon says â€œGME go upâ€ after earnings. â¬†ï¸,"So are you saying GME earning is 3/21 and 3/22 is the fed decision?

Big gambling time. Gotta work overtime on Wendy's to get some money.",3,0,False,40308,True,2023-03-15
86,GME,wallstreetbets,Eggon says â€œGME go upâ€ after earnings. â¬†ï¸,Gamestonk! Letâ€™s go!,3,0,False,5999,True,2023-03-15
87,GME,wallstreetbets,Eggon says â€œGME go upâ€ after earnings. â¬†ï¸,This is the future and the past.,3,0,False,7733,True,2023-03-15
88,GME,wallstreetbets,Eggon says â€œGME go upâ€ after earnings. â¬†ï¸,"The question is, go up how much? ğŸ˜‚",3,0,False,9810,True,2023-03-15
89,GME,wallstreetbets,Eggon says â€œGME go upâ€ after earnings. â¬†ï¸,This chicken gotta know better than us regards.,3,0,False,4992,True,2023-03-15
90,GME,wallstreetbets,Eggon says â€œGME go upâ€ after earnings. â¬†ï¸,Calling my broker at J. Cramer & Associates to invest my money accordingly.,3,0,False,1004,True,2023-03-15
91,GME,wallstreetbets,Eggon says â€œGME go upâ€ after earnings. â¬†ï¸,Eggon better no cock it up and put all his eggs in one basket.,3,0,False,6829,True,2023-03-15
92,GME,wallstreetbets,Eggon says â€œGME go upâ€ after earnings. â¬†ï¸,Welp this is all the DD I need,3,0,False,2305,True,2023-03-15
93,GME,wallstreetbets,Eggon says â€œGME go upâ€ after earnings. â¬†ï¸,YOLO the chicken can be trusted!,3,0,False,23143,False,2023-03-15
94,GME,wallstreetbets,Eggon says â€œGME go upâ€ after earnings. â¬†ï¸,"That's my Quant.

My Quantitative!! Notice anything different about him? Look at his face. Look at his eyes!",3,0,False,224582,True,2023-03-15
95,GME,wallstreetbets,Eggon says â€œGME go upâ€ after earnings. â¬†ï¸,FINE! Lets go!,3,0,False,182,False,2023-03-15
96,GME,wallstreetbets,Eggon says â€œGME go upâ€ after earnings. â¬†ï¸,"Solid, buy,buy.",3,0,False,448,True,2023-03-15
97,GME,wallstreetbets,Eggon says â€œGME go upâ€ after earnings. â¬†ï¸,This is the way,3,0,False,3946,True,2023-03-15
98,GME,wallstreetbets,Eggon says â€œGME go upâ€ after earnings. â¬†ï¸,"Well shit son, that's all you had to say.",3,0,False,8794,True,2023-03-15
99,GME,wallstreetbets,Eggon says â€œGME go upâ€ after earnings. â¬†ï¸,This is the kind of top tier shit posting we had in the past. Make WSB great again,3,0,False,11835,True,2023-03-15
100,GME,wallstreetbets,Eggon says â€œGME go upâ€ after earnings. â¬†ï¸,Let's go! Golden eggs!!,3,0,False,353,True,2023-03-15
101,GME,wallstreetbets,Eggon says â€œGME go upâ€ after earnings. â¬†ï¸,Looks like a Cock and Bull story!,3,0,False,5703,True,2023-03-15
102,GME,wallstreetbets,Eggon says â€œGME go upâ€ after earnings. â¬†ï¸,Yes he cockadoodle_do!,3,0,False,1617,True,2023-03-15
103,GME,wallstreetbets,Eggon says â€œGME go upâ€ after earnings. â¬†ï¸,LFG!,3,0,False,611,True,2023-03-15
104,GME,wallstreetbets,Eggon says â€œGME go upâ€ after earnings. â¬†ï¸,"Well....

Let's see the bailout decision video!!",3,0,False,15063,True,2023-03-15
105,GME,wallstreetbets,Eggon says â€œGME go upâ€ after earnings. â¬†ï¸,Thatâ€™s just science.,3,0,False,68386,True,2023-03-15
106,GME,wallstreetbets,Eggon says â€œGME go upâ€ after earnings. â¬†ï¸,Consult the sacred chicken!,3,0,False,17009,True,2023-03-15
107,GME,wallstreetbets,Eggon says â€œGME go upâ€ after earnings. â¬†ï¸,Bullish af. All the DD I need,3,0,False,362,True,2023-03-15
108,GME,wallstreetbets,Eggon says â€œGME go upâ€ after earnings. â¬†ï¸,This is the way.,3,0,False,984,True,2023-03-15
109,GME,wallstreetbets,Eggon says â€œGME go upâ€ after earnings. â¬†ï¸,Finally we have some quality fuckin DD back on this sub,3,0,False,41986,True,2023-03-15
110,GME,wallstreetbets,Eggon says â€œGME go upâ€ after earnings. â¬†ï¸,Fuck it we ball ğŸ“,3,0,False,42,True,2023-03-15
111,GME,wallstreetbets,Eggon says â€œGME go upâ€ after earnings. â¬†ï¸,"I believe Eggon. I don't know why, but I do.",3,0,False,34831,True,2023-03-15
112,GME,wallstreetbets,Eggon says â€œGME go upâ€ after earnings. â¬†ï¸,Eggon first of his name has spoken. This is the way.,3,0,False,187,True,2023-03-15
113,GME,wallstreetbets,Eggon says â€œGME go upâ€ after earnings. â¬†ï¸,"If it works for the SEC, works for me.",3,0,False,62366,True,2023-03-15
114,GME,wallstreetbets,Eggon says â€œGME go upâ€ after earnings. â¬†ï¸,Ah shiiiii here we go again,3,0,False,7087,True,2023-03-15
115,GME,wallstreetbets,Eggon says â€œGME go upâ€ after earnings. â¬†ï¸,Finally some quality DD,3,0,False,8324,True,2023-03-15
116,GME,wallstreetbets,Eggon says â€œGME go upâ€ after earnings. â¬†ï¸,Just about as reliable as any TA on this sub.,3,0,False,58862,True,2023-03-15
117,GME,wallstreetbets,Eggon says â€œGME go upâ€ after earnings. â¬†ï¸,"Well shit, cant be more regarded than the fish. All in.",3,0,False,15390,True,2023-03-15
118,GME,wallstreetbets,Eggon says â€œGME go upâ€ after earnings. â¬†ï¸,Brrrrrp. Survey says! Iâ€™m in!,3,0,False,152,True,2023-03-15
119,GME,wallstreetbets,Eggon says â€œGME go upâ€ after earnings. â¬†ï¸,In cock I trust,3,0,False,7328,True,2023-03-15
120,GME,wallstreetbets,Eggon says â€œGME go upâ€ after earnings. â¬†ï¸,I want all future financial decisions to be made by this chicken.,3,0,False,17428,True,2023-03-15
121,GME,wallstreetbets,Eggon says â€œGME go upâ€ after earnings. â¬†ï¸, [(1) South park - Margaritaville Bail out - Bing video](https://www.bing.com/videos/search?q=south+park+bail+out&view=detail&mid=C7923313E84865EEE2BCC7923313E84865EEE2BC&FORM=VIRE),3,0,False,13256,True,2023-03-15
122,GME,wallstreetbets,Eggon says â€œGME go upâ€ after earnings. â¬†ï¸,Looks like Iâ€™m buying more ğŸš€,7,0,False,17713,True,2023-03-15
123,GME,wallstreetbets,Eggon says â€œGME go upâ€ after earnings. â¬†ï¸,Degeneracy at its finest. I love it. ğŸš€ğŸš€ğŸš€,4,0,False,130,True,2023-03-15
124,GME,wallstreetbets,Eggon says â€œGME go upâ€ after earnings. â¬†ï¸,u/savevideo,2,1,False,468,True,2023-03-15
125,GME,wallstreetbets,Eggon says â€œGME go upâ€ after earnings. â¬†ï¸,Balls deep in 25 c 24,2,0,False,6701,True,2023-03-15
126,GME,wallstreetbets,Eggon says â€œGME go upâ€ after earnings. â¬†ï¸,Thereâ€™s your cock thesis baby!,2,0,False,2564,True,2023-03-15
127,GME,wallstreetbets,Eggon says â€œGME go upâ€ after earnings. â¬†ï¸,I think the Federal Reserve does something similar to determine bank bailouts.,2,0,False,2574,True,2023-03-15
128,GME,wallstreetbets,Eggon says â€œGME go upâ€ after earnings. â¬†ï¸,The Cocks of March will roost ğŸ“,2,0,False,650,True,2023-03-15
129,GME,wallstreetbets,Eggon says â€œGME go upâ€ after earnings. â¬†ï¸,ğŸ“,2,0,False,259,False,2023-03-15
130,GME,wallstreetbets,Eggon says â€œGME go upâ€ after earnings. â¬†ï¸,It only bends that way bacause you keep using the same hand.,2,0,False,524,True,2023-03-15
131,GME,wallstreetbets,Eggon says â€œGME go upâ€ after earnings. â¬†ï¸,He seems more accurate than my TA. Whatâ€™s that say about me?,2,1,False,42196,True,2023-03-15
132,GME,wallstreetbets,Eggon says â€œGME go upâ€ after earnings. â¬†ï¸,The cock is *always* correct. NFA. Donâ€™t listen to just your cock.,2,0,False,178556,True,2023-03-15
133,GME,wallstreetbets,Eggon says â€œGME go upâ€ after earnings. â¬†ï¸,Best DD I've seen in months,2,0,False,17430,True,2023-03-15
134,GME,wallstreetbets,Eggon says â€œGME go upâ€ after earnings. â¬†ï¸,Eggon and Venkman?,2,0,False,8998,True,2023-03-15
135,GME,wallstreetbets,Eggon says â€œGME go upâ€ after earnings. â¬†ï¸,*reeeeeeeeeeeeeeeeeee*,2,0,False,19810,True,2023-03-15
136,GME,wallstreetbets,Eggon says â€œGME go upâ€ after earnings. â¬†ï¸,"I cant, my wife keeps telling me to stop listening to my cock.",2,0,False,89858,True,2023-03-15
137,GME,wallstreetbets,Eggon says â€œGME go upâ€ after earnings. â¬†ï¸,ğŸ˜‚,2,0,False,78,True,2023-03-15
138,GME,wallstreetbets,Eggon says â€œGME go upâ€ after earnings. â¬†ï¸,Plot twist: It's a roo.,2,0,False,7217,True,2023-03-15
139,GME,wallstreetbets,Eggon says â€œGME go upâ€ after earnings. â¬†ï¸,Aggressive pecking.,2,0,False,36481,True,2023-03-15
140,GME,wallstreetbets,Eggon says â€œGME go upâ€ after earnings. â¬†ï¸,"Thank you for kindly receiving our feedback and placing the chicken in the middle to negate biased chickens ğŸ’•

ALL IN CALLS",2,1,False,15470,True,2023-03-15
141,GME,wallstreetbets,Eggon says â€œGME go upâ€ after earnings. â¬†ï¸,Why is the cat not eating the bird?,2,1,False,137,True,2023-03-15
142,GME,wallstreetbets,Eggon says â€œGME go upâ€ after earnings. â¬†ï¸,A chicken is as good a predictor as Jim Kramer or the Fed Reserve IMO,2,0,False,103,True,2023-03-15
143,GME,wallstreetbets,Eggon says â€œGME go upâ€ after earnings. â¬†ï¸,"As the owner of several chickens, this has made me realize I should open a hedge fund.",2,1,False,275253,True,2023-03-15
144,GME,wallstreetbets,Eggon says â€œGME go upâ€ after earnings. â¬†ï¸,"Iron Condor. 

I will lose money no matter what!!!",2,1,False,75619,True,2023-03-15
145,GME,wallstreetbets,Eggon says â€œGME go upâ€ after earnings. â¬†ï¸,All hail chicken nugget!,2,0,False,4725,True,2023-03-15
146,GME,wallstreetbets,Eggon says â€œGME go upâ€ after earnings. â¬†ï¸,The cock has spoken,2,0,False,71386,True,2023-03-15
147,GME,wallstreetbets,Eggon says â€œGME go upâ€ after earnings. â¬†ï¸,"The scared chickens worked for Rome.

https://alexandermeddings.com/history/the-sacred-chickens-that-shaped-romes-foreign-policy/",2,1,False,1125,True,2023-03-15
148,GME,wallstreetbets,Eggon says â€œGME go upâ€ after earnings. â¬†ï¸,EGGON!! ğŸ¤£,2,0,False,26123,True,2023-03-15
149,GME,wallstreetbets,Eggon says â€œGME go upâ€ after earnings. â¬†ï¸,Is that a welbar rooster? Or maybe a Bielefelder?,2,1,False,1313,True,2023-03-15
150,GME,wallstreetbets,Eggon says â€œGME go upâ€ after earnings. â¬†ï¸,it's always the right one,2,0,False,17031,True,2023-03-15
151,GME,wallstreetbets,Eggon says â€œGME go upâ€ after earnings. â¬†ï¸,Sooooo you're saying I need a chicken with Precognition and then yolo everything I have into his decision?!?  I'll BRB after I buy a chicken,2,0,False,682,True,2023-03-15
152,GME,wallstreetbets,Eggon says â€œGME go upâ€ after earnings. â¬†ï¸,[https://youtu.be/wz-PtEJEaqY](https://youtu.be/wz-PtEJEaqY),2,0,False,315,True,2023-03-15
153,GME,wallstreetbets,Eggon says â€œGME go upâ€ after earnings. â¬†ï¸,You're going to have to testify in front of the SEC for insider trading bub,2,1,False,18923,True,2023-03-15
154,GME,wallstreetbets,Eggon says â€œGME go upâ€ after earnings. â¬†ï¸,Cluck me. I'm all in.,2,1,False,17872,True,2023-03-15
155,GME,wallstreetbets,Eggon says â€œGME go upâ€ after earnings. â¬†ï¸,THE COCK HAS SPOKEN,2,0,False,16034,True,2023-03-15
156,GME,wallstreetbets,Eggon says â€œGME go upâ€ after earnings. â¬†ï¸,This is the kind of due diligence I come here for.,2,0,False,38619,True,2023-03-15
157,GME,wallstreetbets,Eggon says â€œGME go upâ€ after earnings. â¬†ï¸,Damn it feels good to be back. Same week exp FDs (is this still allowed?) just for old times sake.,2,0,False,11289,True,2023-03-15
158,GME,wallstreetbets,Eggon says â€œGME go upâ€ after earnings. â¬†ï¸,best DD in a while,2,0,False,381009,True,2023-03-15
159,GME,wallstreetbets,Eggon says â€œGME go upâ€ after earnings. â¬†ï¸,Now this is some technical analysis I can get behind,2,0,False,12632,True,2023-03-15
160,GME,wallstreetbets,Eggon says â€œGME go upâ€ after earnings. â¬†ï¸,"No useful indicator in a year. This is the one, Iâ€™m in",2,0,False,1973,True,2023-03-15
161,GME,wallstreetbets,Eggon says â€œGME go upâ€ after earnings. â¬†ï¸,Quality shit post.  Stonks only go up.,2,0,False,125922,True,2023-03-15
162,GME,wallstreetbets,Eggon says â€œGME go upâ€ after earnings. â¬†ï¸,That's enough for me.,2,0,False,57635,True,2023-03-15
163,GME,wallstreetbets,Eggon says â€œGME go upâ€ after earnings. â¬†ï¸,This is financial advice and that chicken is a licensed professional.,2,0,False,-25,True,2023-03-15
164,GME,wallstreetbets,Eggon says â€œGME go upâ€ after earnings. â¬†ï¸,good enough for me,2,0,False,26055,True,2023-03-15
165,GME,wallstreetbets,Eggon says â€œGME go upâ€ after earnings. â¬†ï¸,Cutting edge market prediction algorithm in action right there,2,0,False,36853,True,2023-03-15
166,GME,wallstreetbets,Eggon says â€œGME go upâ€ after earnings. â¬†ï¸,I know financial advise when I see it,2,0,False,103662,True,2023-03-15
167,GME,wallstreetbets,Eggon says â€œGME go upâ€ after earnings. â¬†ï¸,Sounds like a pump and dump. Time to buy back in and sell for a nice profit. Thank you bag holders.,4,0,False,5976,True,2023-03-15
168,GME,wallstreetbets,Eggon says â€œGME go upâ€ after earnings. â¬†ï¸,"OH MY GOD, is this the embodiment of inverse Cramer?",4,0,False,4314,True,2023-03-15
169,GME,wallstreetbets,Eggon says â€œGME go upâ€ after earnings. â¬†ï¸,Never trust a targarian!,4,0,False,1251,True,2023-03-15
170,GME,wallstreetbets,Eggon says â€œGME go upâ€ after earnings. â¬†ï¸,Backpropagate your data by seeing which of two roosts she lays eggs in tonight,4,1,False,67179,True,2023-03-15
171,GME,wallstreetbets,Eggon says â€œGME go upâ€ after earnings. â¬†ï¸,"Using proper research, tools, and analysis to make investments: âŒ  
  
  
Chicken: âœ…",3,0,False,29641,True,2023-03-15
172,GME,wallstreetbets,Eggon says â€œGME go upâ€ after earnings. â¬†ï¸,"LOL this is hilarious...this is what it's come to for the GME apes.

The fact that any of you are still buying this stock or hoping it'll rise in value blows my mind.",7,1,False,24348,True,2023-03-15
173,GME,wallstreetbets,Eggon says â€œGME go upâ€ after earnings. â¬†ï¸,This is the type of hopium bagholders resort to. Bring back the balance sheet tarot card reading guy,4,0,False,5158,True,2023-03-15
174,GME,wallstreetbets,Eggon says â€œGME go upâ€ after earnings. â¬†ï¸,we're gonna be sitting on some nice nest eggs I say.  I'm not yolking.  The fact this chicken is making predictions isn't fowl at all.  I agree with this !!,4,1,False,1839,True,2023-03-15
175,GME,wallstreetbets,Eggon says â€œGME go upâ€ after earnings. â¬†ï¸,If you know anything it always goes down after earnings,4,1,False,8046,True,2023-03-15
176,GME,wallstreetbets,Eggon says â€œGME go upâ€ after earnings. â¬†ï¸,Now tell me how many times you shot this video to achieve the desired outcome,4,1,False,315,True,2023-03-15
177,GME,wallstreetbets,Eggon says â€œGME go upâ€ after earnings. â¬†ï¸,Oh god not this shit again.,4,0,False,252,False,2023-03-15
178,GME,wallstreetbets,Eggon says â€œGME go upâ€ after earnings. â¬†ï¸,Always picks the right bowl..,2,1,False,182,True,2023-03-15
179,GME,wallstreetbets,Eggon says â€œGME go upâ€ after earnings. â¬†ï¸,"This the second one I seen of Eggon, does he always go for the right side? Lol",2,0,False,-10,True,2023-03-15
180,GME,wallstreetbets,Eggon says â€œGME go upâ€ after earnings. â¬†ï¸,Letâ€™s feast,2,0,False,2,False,2023-03-15
181,GME,wallstreetbets,Eggon says â€œGME go upâ€ after earnings. â¬†ï¸,::plays kazoo::,2,0,False,105700,True,2023-03-15
182,GME,wallstreetbets,Eggon says â€œGME go upâ€ after earnings. â¬†ï¸,That cock never seems to swing left.,2,0,False,5893,True,2023-03-15
183,GME,wallstreetbets,Eggon says â€œGME go upâ€ after earnings. â¬†ï¸,This sub is so bipolarğŸ’€,2,0,False,77,True,2023-03-15
184,GME,wallstreetbets,Eggon says â€œGME go upâ€ after earnings. â¬†ï¸,"Worst case scenario, youâ€™ll fried chicken for dinner. What could possibly go wrong?!",1,0,False,8270,True,2023-03-15
185,GME,wallstreetbets,Eggon says â€œGME go upâ€ after earnings. â¬†ï¸,Mediocre at best.,1,0,False,530,True,2023-03-15
186,GME,wallstreetbets,Eggon says â€œGME go upâ€ after earnings. â¬†ï¸,https://preview.redd.it/2dg905ocm1oa1.jpeg?width=1200&format=pjpg&auto=webp&v=enabled&s=e7b83aaffce01df89f610779b9c6b79f7986bbaf,1,0,False,1042,True,2023-03-15
187,GME,wallstreetbets,Eggon says â€œGME go upâ€ after earnings. â¬†ï¸,This is only works if you cut the chickens head off first.,1,1,False,45563,True,2023-03-15
188,GME,wallstreetbets,Eggon says â€œGME go upâ€ after earnings. â¬†ï¸,Yâ€™all really wait out a year for people to forget for another pump and dump ğŸ˜­ğŸ˜­,1,0,False,3103,False,2023-03-15
189,GME,wallstreetbets,Eggon says â€œGME go upâ€ after earnings. â¬†ï¸,Hereâ€™s my prediction: they still arenâ€™t profitable,0,0,False,109981,True,2023-03-15
190,GME,wallstreetbets,Eggon says â€œGME go upâ€ after earnings. â¬†ï¸,"Wo wo wo, i thought this ticker was banned, rules for she but not for he?",0,1,False,16193,True,2023-03-15
191,GME,wallstreetbets,Eggon says â€œGME go upâ€ after earnings. â¬†ï¸,Eggon must be an idiot then,-5,1,False,451664,True,2023-03-15
192,GME,wallstreetbets,Eggon says â€œGME go upâ€ after earnings. â¬†ï¸,Gamecock!,0,0,False,767,True,2023-03-15
193,GME,wallstreetbets,Eggon says â€œGME go upâ€ after earnings. â¬†ï¸,I think my puts are saved ğŸ˜®â€ğŸ’¨,0,0,False,18586,True,2023-03-15
194,GME,wallstreetbets,Eggon says â€œGME go upâ€ after earnings. â¬†ï¸,GME tards still exist?? ğŸ¤£ğŸ¤£ğŸ¤£,0,1,False,12947,True,2023-03-15
195,GME,wallstreetbets,Eggon says â€œGME go upâ€ after earnings. â¬†ï¸,Old fuck here.. inverse WSB.,0,0,False,5442,True,2023-03-15
196,GME,wallstreetbets,Eggon says â€œGME go upâ€ after earnings. â¬†ï¸,Eggon always picks rightâ€¦ SCAM,-2,0,False,1192,True,2023-03-15
197,GME,wallstreetbets,Eggon says â€œGME go upâ€ after earnings. â¬†ï¸,"GME hasnâ€™t gone under yet? Damn I thought it was already delisted. Welp, soon enough",-7,0,False,125,True,2023-03-15
198,GME,wallstreetbets,Eggon says â€œGME go upâ€ after earnings. â¬†ï¸,The chicken always eats on the right.,-6,1,False,13061,True,2023-03-15
199,GME,wallstreetbets,Eggon says â€œGME go upâ€ after earnings. â¬†ï¸,This gay chicken always goes right,-6,2,False,31273,True,2023-03-15
200,GME,wallstreetbets,Eggon says â€œGME go upâ€ after earnings. â¬†ï¸,"Chicken obviously living and therefor biased. I get my media from bones, knuckles and omens. Which direction did the chicken sleep before choosing, thatâ€™s what I want to know.",0,1,False,24746,True,2023-03-15
201,GME,wallstreetbets,Eggon says â€œGME go upâ€ after earnings. â¬†ï¸,The dog is a market manipulator.,0,0,False,274981,True,2023-03-15
202,GME,wallstreetbets,Eggon says â€œGME go upâ€ after earnings. â¬†ï¸,Never heard of her. GEM?,0,0,False,43557,True,2023-03-15
203,GME,wallstreetbets,Eggon says â€œGME go upâ€ after earnings. â¬†ï¸,I don't really know how reliable this is... Gonna need to see some entrails to be sure.,0,0,False,11940,True,2023-03-15
204,GME,wallstreetbets,Eggon says â€œGME go upâ€ after earnings. â¬†ï¸,ğŸ¤£ desperate times call for desperate measures ğŸ¤·â€â™‚ï¸,0,0,False,1319,True,2023-03-15
205,GME,wallstreetbets,Eggon says â€œGME go upâ€ after earnings. â¬†ï¸,Okay newb,0,0,False,13000,True,2023-03-15
206,GME,wallstreetbets,Eggon says â€œGME go upâ€ after earnings. â¬†ï¸,Itâ€™s like watching an animal play with itâ€™s dead child as it hopes itâ€™s still aliveğŸ˜‚ğŸ˜‚,-6,0,False,57464,True,2023-03-15
207,GME,wallstreetbets,Eggon says â€œGME go upâ€ after earnings. â¬†ï¸,"Nah, you gonna keep losing",-5,0,False,6498,True,2023-03-15
208,GME,wallstreetbets,Eggon says â€œGME go upâ€ after earnings. â¬†ï¸,Look I like the chicken but gme is ded,-18,1,False,6013,True,2023-03-15
209,GME,wallstreetbets,Eggon says â€œGME go upâ€ after earnings. â¬†ï¸,Doubt,-13,0,False,124197,True,2023-03-15
210,GME,wallstreetbets,Eggon says â€œGME go upâ€ after earnings. â¬†ï¸,Come on over to crypto sub,-1,0,False,580,True,2023-03-15
211,GME,wallstreetbets,Eggon says â€œGME go upâ€ after earnings. â¬†ï¸,"At time like this, just buy bitcoin and gold. Thats all.",-2,0,False,256,True,2023-03-15
212,GME,wallstreetbets,Eggon says â€œGME go upâ€ after earnings. â¬†ï¸,r/rarecocks,1,0,False,5035,True,2023-03-15
213,GME,wallstreetbets,Eggon says â€œGME go upâ€ after earnings. â¬†ï¸,"OP could you play kahoot next time, pwease?",1,0,False,25564,True,2023-03-15
214,GME,wallstreetbets,Eggon says â€œGME go upâ€ after earnings. â¬†ï¸,Is this financial advice?,1,0,False,90,True,2023-03-15
215,GME,wallstreetbets,Eggon says â€œGME go upâ€ after earnings. â¬†ï¸,Aren't you supposed to remove his head first?,1,0,False,1342,True,2023-03-15
216,GME,wallstreetbets,Eggon says â€œGME go upâ€ after earnings. â¬†ï¸,"Finally some real news I can trust /joking, I love the chicken <3",1,0,False,1974,True,2023-03-15
217,GME,wallstreetbets,Eggon says â€œGME go upâ€ after earnings. â¬†ï¸,eggon gonn become dinner soon at this rate,1,0,False,76952,False,2023-03-15
218,GME,wallstreetbets,Eggon says â€œGME go upâ€ after earnings. â¬†ï¸,What does Michael Reeves' fish say?,1,0,False,280000,True,2023-03-15
219,GME,wallstreetbets,Eggon says â€œGME go upâ€ after earnings. â¬†ï¸,That's not fair cause chickens will naturally go to the right. Due to them being right taloned.,1,0,False,4313,True,2023-03-15
220,GME,wallstreetbets,Eggon says â€œGME go upâ€ after earnings. â¬†ï¸,25c for cluckin,1,0,False,6795,True,2023-03-15
221,GME,wallstreetbets,Eggon says â€œGME go upâ€ after earnings. â¬†ï¸,This chicken is a heretic. All hail Gordon,1,0,False,5475,True,2023-03-15
222,GME,wallstreetbets,Eggon says â€œGME go upâ€ after earnings. â¬†ï¸,Is this the next Southpark episode?,1,0,False,7859,True,2023-03-15
223,GME,wallstreetbets,Eggon says â€œGME go upâ€ after earnings. â¬†ï¸,Whatâ€™s Eggonâ€™s winrate?,1,0,False,209586,True,2023-03-15
224,GME,wallstreetbets,Eggon says â€œGME go upâ€ after earnings. â¬†ï¸,Wow you raise your own tendies? Good on you King!,1,0,False,44312,True,2023-03-15
225,GME,wallstreetbets,Eggon says â€œGME go upâ€ after earnings. â¬†ï¸,The poetic beauty of a tendie advicing on how to get to tendie town,1,0,False,1135,True,2023-03-15
226,GME,wallstreetbets,Eggon says â€œGME go upâ€ after earnings. â¬†ï¸,"Financial advice from a chicken...

Better than most of these scams out here, I'm in!",1,0,False,19588,True,2023-03-15
227,GME,wallstreetbets,Eggon says â€œGME go upâ€ after earnings. â¬†ï¸,Me who bought my shares in 2021 and check on them once a quarter: â€œI just think theyâ€™re neat!â€,1,0,False,36093,True,2023-03-15
228,GME,wallstreetbets,Eggon says â€œGME go upâ€ after earnings. â¬†ï¸,Checks out,1,0,False,4693,True,2023-03-15
229,GME,wallstreetbets,Eggon says â€œGME go upâ€ after earnings. â¬†ï¸,ğŸš€ğŸ“ˆğŸ’,1,0,False,5126,False,2023-03-15
230,GME,wallstreetbets,Eggon says â€œGME go upâ€ after earnings. â¬†ï¸,Eggon Targaryen,1,0,False,35880,True,2023-03-15
231,GME,wallstreetbets,Eggon says â€œGME go upâ€ after earnings. â¬†ï¸,I trust that more than Cramer,1,0,False,3767,True,2023-03-15
232,GME,wallstreetbets,Eggon says â€œGME go upâ€ after earnings. â¬†ï¸,"This really is the best explanation in my eyes of how people are ""players on the stonks market."" It's literally a guessing game where we are getting advice from a chicken.
Next let's cast the bones and see what the fortune teller from the 800 number says about our chakra balance.
/S",1,0,False,507,True,2023-03-15
233,GME,wallstreetbets,Eggon says â€œGME go upâ€ after earnings. â¬†ï¸,This... is the truth we've been seeking for.,1,0,False,739,True,2023-03-15
234,GME,wallstreetbets,Eggon says â€œGME go upâ€ after earnings. â¬†ï¸,Some of these things were better kept in Jan 2021,1,0,False,13785,True,2023-03-15
235,GME,wallstreetbets,Eggon says â€œGME go upâ€ after earnings. â¬†ï¸,You labelled them backwards!,1,0,False,7070,True,2023-03-15
236,GME,wallstreetbets,Eggon says â€œGME go upâ€ after earnings. â¬†ï¸,20$ lotto calls for ER next weekğŸ«£,1,0,False,1280,True,2023-03-15
237,GME,wallstreetbets,Eggon says â€œGME go upâ€ after earnings. â¬†ï¸,Eggon Targaryen? So the chicken is inbred like the rest of us?,1,0,False,3521,True,2023-03-15
238,GME,wallstreetbets,Eggon says â€œGME go upâ€ after earnings. â¬†ï¸,Yeah but what does Venkman think?,1,0,False,25943,True,2023-03-15
239,GME,wallstreetbets,Eggon says â€œGME go upâ€ after earnings. â¬†ï¸,What positions does Eggon hold? Please report for transparency. Thanks,1,0,False,385,True,2023-03-15
240,GME,wallstreetbets,Eggon says â€œGME go upâ€ after earnings. â¬†ï¸,I am in,1,0,False,351,True,2023-03-15
241,GME,wallstreetbets,Eggon says â€œGME go upâ€ after earnings. â¬†ï¸,Can someone remind me to see if the chicken was correct?,1,0,False,40504,True,2023-03-15
242,GME,wallstreetbets,Eggon says â€œGME go upâ€ after earnings. â¬†ï¸,Confirmation bias cockâ€¦. My therapist needs to hear about this because as a gay man itâ€™s not the first time Iâ€™ve used *that* phrase,1,0,False,184300,True,2023-03-15
243,GME,wallstreetbets,Eggon says â€œGME go upâ€ after earnings. â¬†ï¸,I mean if we're betting on a cock pics I'm in.,1,0,False,65817,True,2023-03-15
244,GME,wallstreetbets,Eggon says â€œGME go upâ€ after earnings. â¬†ï¸,Damn clucker Iâ€™m going to have to buy some calls,1,0,False,930,True,2023-03-15
245,GME,wallstreetbets,Eggon says â€œGME go upâ€ after earnings. â¬†ï¸,"Lol,, wtf??ğŸ¤£",1,0,False,1141,True,2023-03-15
246,GME,wallstreetbets,Eggon says â€œGME go upâ€ after earnings. â¬†ï¸,oh dear... im in,1,0,False,396,True,2023-03-15
247,GME,wallstreetbets,Eggon says â€œGME go upâ€ after earnings. â¬†ï¸,Best TA on whole reddit,1,0,False,2748,True,2023-03-15
